Variable,Horizon,RMSE
KN_growth,1,0.0672966555455005
KN_growth,2,0.0594480505343831
KN_growth,3,0.0514789062002647
KN_growth,4,0.0425280469294638
KN_growth,5,0.0335342031079853
lambda_growth,1,0.114511367687684
lambda_growth,2,0.117613176391691
lambda_growth,3,0.120631701489416
lambda_growth,4,0.123517437260294
lambda_growth,5,0.129721067483037
r_growth,1,0.0453790125099169
r_growth,2,0.0124271020957554
r_growth,3,0.012879642744299
r_growth,4,0.0135864969812319
r_growth,5,0.0144743676089587
