PolicyValue,PolicyType,k_change,lambda_change,r_change
0.1,Government_Spending,0.307667865749962,-0.081845305001978,-0.0296923619369443
0.12,Government_Spending,0.245169187841345,-0.068251137046621,-0.024660526704277
0.14,Government_Spending,0.183288367887466,-0.0535040979762976,-0.0192456706434789
0.16,Government_Spending,0.121906793982561,-0.0374026436073614,-0.0133869847397859
0.18,Government_Spending,0.0608749225061804,-0.0196815595821653,-0.00700666811073294
0.2,Government_Spending,0,0,0
0.22,Government_Spending,-0.0609850074250737,0.0221381297960194,0.00776560106047357
0.24,Government_Spending,-0.122452785621383,0.0474197922075757,0.0164956839041007
0.26,Government_Spending,-0.184982172232156,0.0769319840110058,0.026488911967313
0.28,Government_Spending,-0.249527384585381,0.112473072650912,0.0382403108919321
0.3,Government_Spending,-0.317933944119405,0.157526333738863,0.0526872900164555
0.01,Social_Security,0.507532939512541,-0.127038749167328,-0.0434074143579089
0.02,Social_Security,0.354796470457143,-0.104372768834052,-0.0332290941328281
0.03,Social_Security,0.221861909901069,-0.0760459832809986,-0.0226747749474253
0.04,Social_Security,0.104670329497207,-0.0415164622593692,-0.0116446845605716
0.05,Social_Security,0,0,0
0.06,Social_Security,-0.094798716587986,0.0496581444929518,0.0124458511918325
0.07,Social_Security,-0.182045793251169,0.109233563417129,0.0259912476057367
0.4,Debt_Target,0.119117168462087,-0.0327159760515265,-0.0131080394400965
0.45,Debt_Target,0.0900959658725683,-0.0252737454384052,-0.0101357261728707
0.5,Debt_Target,0.0606337401309717,-0.017395182347765,-0.00698019079216717
0.55,Debt_Target,0.0306395754785469,-0.00900293753393096,-0.00361397667247762
0.6,Debt_Target,0,0,0
0.65,Debt_Target,-0.0314329207701412,0.00974169114941057,0.00389960045915406
0.7,Debt_Target,-0.0638536500259892,0.0203922971091764,0.00815178675896916
0.75,Debt_Target,-0.0975308086622867,0.0321900698773373,0.0128367341353246
0.8,Debt_Target,-0.13284810388259,0.0454803256849361,0.0180735428856791
0.85,Debt_Target,-0.17039087758192,0.0607987345668276,0.0240449000076669
0.9,Debt_Target,-0.211132011715652,0.0790525301024116,0.0310565722757629
0.95,Debt_Target,-0.256909657806525,0.101996648435694,0.0396924151724998
1,Debt_Target,-0.312201114983336,0.134005503891632,0.0513850169555146
