year,experiment,k_change,lambda_change,r_change
2014,g,0,0,0.0526897879787206
2015,g,-0.0236587272372365,0.00998410619853668,0
2016,g,-0.0468613943202311,0.0200656279857882,0.00253121597270783
2017,g,-0.0694036672914674,0.0302249244147318,0.00529844170971963
2018,g,-0.0911213265159303,0.0404444960883932,0.00825654969691999
2019,g,-0.111889117888416,0.0507055738932191,0.0113572052873582
2020,g,-0.131617694445339,0.0609851733747779,0.014551333845668
2021,g,-0.150249399289251,0.0712539604171009,0.0177912582545021
2022,g,-0.167753539859679,0.081475116933371,0.0210324008697043
2023,g,-0.184121641560536,0.0916042339921605,0.0242345160377598
2024,g,-0.199363003960015,0.101590135278322,0.0273624731146426
2025,g,-0.213500741041269,0.111376449230967,0.0303866444649591
2026,g,-0.226568379565311,0.12090370213541,0.0332829701433576
2027,g,-0.238607017134438,0.130111691516685,0.036032775007141
2028,g,-0.249662998663365,0.138941912110663,0.0386224094343967
2029,g,-0.259786049124955,0.147339837862391,0.0410427755442909
2030,g,-0.269027794283059,0.155256905771784,0.0432887897067891
2031,g,-0.277440603664077,0.162652094864491,0.0453588210222661
2032,g,-0.285076696935802,0.169493041055869,0.0472541353559884
2033,g,-0.291987463363424,0.175756672233931,0.0489783658699704
2034,g,-0.298222952482182,0.181429384662815,0.05053702390261
2035,g,-0.303831501760431,0.186506810070439,0.05193705841909
2036,g,-0.308859473528489,0.190993241870453,0.0531864679250979
2037,g,-0.313351078802547,0.194900799161903,0.0542939655104957
2038,g,-0.317348269959086,0.198248409476584,0.0552686953793278
2039,g,-0.320890687680702,0.201060687226284,0.056119997654863
2040,g,-0.324015650366151,0.203366776198136,0.0568572172702418
2041,g,-0.326758176422044,0.205199213016211,0.0574895522341414
2042,g,-0.32915103165005,0.206592855812576,0.0580259363839309
2043,g,-0.331224795404457,0.207583909718386,0.0584749518117191
2044,g,-0.333007940391114,0.208209069137519,0.0588447663941592
2045,g,-0.334526921963588,0.20850478670194,0.0591430922129069
2046,g,-0.335806273585959,0.208506670628274,0.0593771610709012
2047,g,-0.336868705805019,0.208249005957574,0.0595537137536394
2048,g,-0.337735206631819,0.207764390751205,0.0596790001278483
2049,g,-0.338425141692582,0.207083475513476,0.0597587875940805
2050,g,-0.338956352887712,0.20623479263997,0.0597983758030383
2051,g,-0.339345254607907,0.205244662260485,0.0598026159011403
2052,g,-0.339606926809069,0.204137161183381,0.0597759328860709
2053,g,-0.339755204452192,0.202934142512771,0.0597223499275986
2054,g,-0.339802762978463,0.201655294700522,0.0596455137444226
2055,g,-0.339761199620358,0.200318230153134,0.0595487203270236
2056,g,-0.33964111045215,0.198938594920132,0.0594349404628986
2057,g,-0.339452163163071,0.197530192361762,0.0593068446578921
2058,g,-0.339203165597362,0.19610511497379,0.0591668271593234
2059,g,-0.338902130151319,0.194673879703591,0.0590170288768467
2060,g,-0.338556334150897,0.19324556310863,0.0588593590688016
2061,g,-0.338172376357171,0.191827933582621,0.0586955157181793
2062,g,-0.337756229762807,0.190427578611,0.058527004565913
2063,g,-0.337313290852434,0.189050025625954,0.0583551568023042
2064,g,-0.336848425504767,0.187699855525308,0.0581811454419786
2065,g,-0.336366011715619,0.186380808313115,0.0580060004254942
2066,g,-0.335869979319464,0.185095880627273,0.0578306225030438
2067,g,-0.335363846883668,0.183847415154403,0.0576557959636831
2068,g,-0.334850755944472,0.182637182107002,0.0574822002782287
2069,g,-0.334333502747743,0.181466453063593,0.0573104207261088
2070,g,-0.33381456765077,0.180336067558906,0.0571409580766676
2071,g,-0.333296142334201,0.179246492866146,0.0569742373942499
2072,g,-0.332780154965841,0.178197877444222,0.0568106160341911
2073,g,-0.332268293450647,0.177190098534931,0.05665039089394
2074,g,-0.331762026893885,0.176222804393434,0.0564938049801877
2075,g,-0.331262625397264,0.1752954516235,0.0563410533492892
2076,g,-0.330771178300915,0.174407338070122,0.05619228847451
2077,g,-0.330288610977416,0.173557631698518,0.0560476250899139
2078,g,-0.329815700277722,0.172745395862101,0.05590714455703
2079,g,-0.329353088722842,0.171969611334243,0.0557708987969111
2080,g,-0.328901297529462,0.171229195450553,0.0556389138268088
2081,g,-0.328460738552445,0.170523018680905,0.0555111929375392
2082,g,-0.328031725222284,0.169849918924067,0.0553877195446324
2083,g,-0.327614482551137,0.169208713793134,0.0552684597436473
2084,g,-0.3272091562771,0.168598211137246,0.0551533645975237
2085,g,-0.32681582121292,0.168017218024682,0.0550423721815965
2086,g,-0.326434488862411,0.167464548394564,0.0549354094098768
2087,g,-0.326065114365553,0.166939029569321,0.0548323936644657
2088,g,-0.325707602831728,0.16643950780795,0.0547332342484496
2089,g,-0.325361815119783,0.165964853071365,0.0546378336814322
2090,g,-0.325027573123947,0.165513963166003,0.0545460888559234
2091,g,-0.324704664626127,0.165085767430821,0.0544578920722173
2092,g,-0.324392847778042,0.164679230136503,0.0543731319691689
2093,g,-0.324091855281467,0.164293353774761,0.0542916943684571
2094,g,-0.32380139834173,0.163927182430991,0.0542134630506042
2095,g,-0.3235211704793,0.163579805456437,0.0541383204822568
2096,g,-0.323250851297202,0.163250361687737,0.0540661485161589
2097,g,-0.322990110319074,0.162938044504239,0.0539968290879874
2098,g,-0.322738611034746,0.162642108068677,0.0539302449379523
2099,g,-0.322496015318528,0.162361875167615,0.0538662803899984
2100,g,-0.322261988421364,0.162096747157377,0.0538048222278672
2101,g,-0.322036204783353,0.161846216633019,0.0537457607154633
2102,g,-0.321818354970031,0.161609883576509,0.053688990819394
2103,g,-0.321608154106738,0.161387475911122,0.053634413704611
2104,g,-0.321405352273506,0.161178875597999,0.053581938590433
2105,g,-0.321209747431748,0.160984151664997,0.0535314850745336
2106,g,-0.321021201588026,0.160803601864988,0.0534829860575691
2107,g,-0.320839661064312,0.160637805029357,0.053436391432044
2108,g,-0.320665181944328,0.160487686621747,0.0533916727368741
2109,g,-0.32049796200852,0.160354600516414,0.0533488290253323
2110,g,-0.320338380763502,0.160240430634207,0.0533078942502565
2111,g,-0.320187049523412,0.16014771677431,0.0532689465383235
2112,g,-0.320044873911108,0.160079809776865,0.0532321198069457
2113,g,-0.319913131439247,0.16004106181414,0.0531976182732038
2114,g,-0.319793562893009,0.157796296834718,0.0531657344729864
2115,g,-0.317934108295514,0.157526660840233,0.0526897879787206
2014,e,0,0,-0.0226724558532007
2015,e,0.0122831499578643,-0.00625621269336172,0
2016,e,0.0247810975553688,-0.0125718514394734,-0.00127516244732651
2017,e,0.037364311482476,-0.0189086147951787,-0.00263776455411926
2018,e,0.0499095629093866,-0.0252259479473679,-0.00406064834318502
2019,e,0.062302895653678,-0.0314808956221519,-0.00551680504933965
2020,e,0.0744418554717359,-0.0376285139653783,-0.00698067338175623
2021,e,0.0862370006290861,-0.0436227859369651,-0.00842912433263513
2022,e,0.0976127406492414,-0.0494179078306505,-0.00984211760075863
2023,e,0.108507576490816,-0.0549697847606017,-0.0112030506279868
2024,e,0.118873831220839,-0.0602375667202164,-0.0124988451798574
2025,e,0.128676968299368,-0.06518507284891,-0.0137198280651101
2026,e,0.137894596388101,-0.0697819829432216,-0.0148594646160078
2027,e,0.146515256145784,-0.0740047142828091,-0.0159139990226615
2028,e,0.154537076708535,-0.0778369419751023,-0.0168820473427324
2029,e,0.161966378541409,-0.0812697575478747,-0.0177641792117215
2030,e,0.168816286290361,-0.0843014905262545,-0.0185625145132148
2031,e,0.175105401381277,-0.0869372398146405,-0.0192803524899121
2032,e,0.180856570499371,-0.0891881756129072,-0.0199218434690703
2033,e,0.186095773597052,-0.0910706789028855,-0.0204917076844754
2034,e,0.190851144293684,-0.0926053853619096,-0.020995001526817
2035,e,0.195152126736089,-0.0938161953208251,-0.0214369287477355
2036,e,0.199028766234913,-0.0947293026240675,-0.021822692429941
2037,e,0.202511126152781,-0.0953722844629514,-0.0221573826613623
2038,e,0.205628820358228,-0.0957732827652673,-0.0224458945826011
2039,e,0.208410648782553,-0.095960296608136,-0.0226928716179099
2040,e,0.210884322922665,-0.0959605951579676,-0.0229026690948733
2041,e,0.21307626823824,-0.0958002523175277,-0.023079333990058
2042,e,0.215011491049077,-0.095503797795914,-0.0232265971239196
2043,e,0.216713498545026,-0.0950939747165715,-0.0233478747123673
2044,e,0.218204261717277,-0.0945915909881188,-0.0234462767299822
2045,e,0.219504212287584,-0.0940154502315301,-0.0235246200318319
2046,e,0.220632265967841,-0.0933823477879458,-0.0235854446088733
2047,e,0.221605865570911,-0.0927071179219082,-0.0236310317150947
2048,e,0.222441038581782,-0.0920027195064639,-0.0236634229061397
2049,e,0.223152464769062,-0.0912803489910374,-0.0236844392751289
2050,e,0.223753550265388,-0.0905495711198215,-0.0236957003686539
2051,e,0.224256505274228,-0.0898184595451501,-0.0236986424216585
2052,e,0.224672423177206,-0.0890937410682344,-0.0236945356710084
2053,e,0.225011359331041,-0.0883809386770007,-0.0236845006001727
2054,e,0.225282408267771,-0.087684509805035,-0.0236695230370863
2055,e,0.225493778358155,-0.0870079772961452,-0.0236504680785897
2056,e,0.225652863277096,-0.0863540514302492,-0.023628092851742
2057,e,0.225766309832173,-0.0857247420622505,-0.0236030581480248
2058,e,0.225840081891271,-0.0851214604659834,-0.023575938983583
2059,e,0.225879520280977,-0.0845451108818717,-0.0235472341492823
2060,e,0.22588939863118,-0.0839961720617755,-0.0235173748201885
2061,e,0.225873975219021,-0.0834747693081955,-0.0234867322963351
2062,e,0.225837040922255,-0.0829807376362522,-0.0234556249464107
2063,e,0.225781963432361,-0.0825136767618508,-0.0234243244240034
2064,e,0.225711727904926,-0.082072998651857,-0.0233930612228785
2065,e,0.225628974241788,-0.0816579683732391,-0.0233620296338875
2066,e,0.225536031208516,-0.0812677389570752,-0.0233313921618236
2067,e,0.225434947593867,-0.0809013809573214,-0.0233012834561035
2068,e,0.22532752061647,-0.0805579073387471,-0.0232718138047053
2069,e,0.225215321779297,-0.0802362942778364,-0.0232430722364772
2070,e,0.225099720365428,-0.0799354984076982,-0.0232151292728065
2071,e,0.224981904760048,-0.0796544709854806,-0.0231880393657491
2072,e,0.224862901773927,-0.0793921694099195,-0.0231618430561118
2073,e,0.224743594133477,-0.079147566468532,-0.0231365688816292
2074,e,0.224624736292005,-0.0789196576492156,-0.0231122350623378
2075,e,0.224506968706392,-0.078707466809907,-0.02308885098744
2076,e,0.224390830713181,-0.0785100504626805,-0.0230664185254398
2077,e,0.224276772128215,-0.0783265008950988,-0.0230449331770278
2078,e,0.224165163684475,-0.0781559483216817,-0.0230243850881548
2079,e,0.224056306413826,-0.0779975622318063,-0.023004759938856
2080,e,0.223950440069959,-0.0778505520769241,-0.0229860397217524
2081,e,0.223847750681897,-0.0777141674194493,-0.0229682034226479
2082,e,0.223748377320128,-0.0775876976477529,-0.0229512276143367
2083,e,0.223652418150639,-0.0774704713461165,-0.0229350869735337
2084,e,0.223559935845895,-0.077361855395048,-0.0229197547297966
2085,e,0.223470962416104,-0.077261253865753,-0.0229052030543832
2086,e,0.223385503518931,-0.0771681067626545,-0.0228914033961436
2087,e,0.223303542301165,-0.0770818886593939,-0.0228783267708362
2088,e,0.223225042821667,-0.0770021072666184,-0.0228659440096113
2089,e,0.22314995310125,-0.0769283019638922,-0.0228542259718445
2090,e,0.223078207841966,-0.0768600423231383,-0.0228431437270364
2091,e,0.223009730855552,-0.0767969266470119,-0.022832668710072
2092,e,0.222944437238613,-0.0767385805424469,-0.0228227728538069
2093,e,0.222882235330384,-0.0766846555472325,-0.0228134287026645
2094,e,0.222823028487794,-0.0766348278257789,-0.022804609510718
2095,e,0.222766716711897,-0.0765887969492313,-0.0227962893275953
2096,e,0.222713198159752,-0.0765462847747241,-0.0227884430754496
2097,e,0.222662370576441,-0.0765070344388129,-0.0227810466202338
2098,e,0.222614132683259,-0.0764708094810188,-0.0227740768405699
2099,e,0.222568385560185,-0.0764373931149391,-0.0227675116976394
2100,e,0.222525034063697,-0.0764065876665434,-0.0227613303097219
2101,e,0.222483988324885,-0.076378214202135,-0.0227555130353251
2102,e,0.222445165377713,-0.0763521123720166,-0.0227500415692306
2103,e,0.222408490973384,-0.0763281405001986,-0.022744899056291
2104,e,0.222373901644073,-0.0763061759555677,-0.0227400702284243
2105,e,0.222341347088032,-0.0762861158457756,-0.0227355415709969
2106,e,0.222310792958258,-0.0762678780817592,-0.0227313015256685
2107,e,0.222282224148757,-0.076251402868182,-0.0227273407377962
2108,e,0.222255648685855,-0.0762366546831107,-0.0227236523576778
2109,e,0.222231102347165,-0.0762236248187908,-0.0227202324062672
2110,e,0.222208654147574,-0.0762123345641161,-0.0227170802174879
2111,e,0.222188412849788,-0.0762028391179324,-0.0227141989709466
2112,e,0.222170534675355,-0.0761952323295326,-0.0227115963306353
2113,e,0.222155232392146,-0.0761896523578318,-0.0227092852070048
2114,e,0.222142785566152,-0.0760338248171604,-0.0227072846595868
2115,e,0.221861615410745,-0.0760457224924332,-0.0226724558532007
2014,b,0,0,0.0180759587488324
2015,b,-0.0115154684456025,0.00185689137711839,0
2016,b,-0.0227711784013611,0.00395885725007755,0.00121940237067528
2017,b,-0.0336889439524338,0.00631773320688403,0.00252171864772332
2018,b,-0.044203864286261,0.00893629530992396,0.00388425497000301
2019,b,-0.0542640181107141,0.0118074872379545,0.00528397331737995
2020,b,-0.0638296398663493,0.0149141993511975,0.00669851816749905
2021,b,-0.0728720604373118,0.018229813085852,0.00810702546939775
2022,b,-0.081372532927624,0.0217193539601527,0.00949071504463881
2023,b,-0.0893210357394554,0.0253411018082372,0.0108332757152858
2024,b,-0.0967151108822581,0.0290485023626066,0.0121210655595492
2025,b,-0.103558768115558,0.03279222542702,0.0133431571241662
2026,b,-0.10986146781068,0.0365222255155724,0.0144912600095526
2027,b,-0.115637185818106,0.0401896799320609,0.0155595524304007
2028,b,-0.120903559494231,0.0437487042246783,0.0165444504844358
2029,b,-0.125681112908327,0.0471577730320579,0.017444339937518
2030,b,-0.129992559335355,0.0503808030877428,0.0182592910174014
2031,b,-0.133862179393361,0.0533878824909052,0.0189907724136708
2032,b,-0.137315273136638,0.056155654586603,0.0196413766573006
2033,b,-0.140377683975477,0.0586673846608174,0.0202145654487282
2034,b,-0.143075391563585,0.060912752357918,0.0207144404010454
2035,b,-0.145434169944733,0.0628874219989634,0.0211455421001279
2036,b,-0.14747930644071,0.0645924470392455,0.0215126783539515
2037,b,-0.149235376108301,0.0660335643875799,0.0218207809774061
2038,b,-0.150726066156163,0.0672204301425342,0.0220747893837129
2039,b,-0.151974044510349,0.0681658415512939,0.0222795585629969
2040,b,-0.153000866733948,0.0688849817402161,0.0224397886512761
2041,b,-0.153826915706701,0.0693947149702229,0.0225599731586649
2042,b,-0.154471368810513,0.0697129516211498,0.0226443629693033
2043,b,-0.154952187802036,0.069858094376259,0.0226969433913933
2044,b,-0.1552861270436,0.0698485705136654,0.0227214217776389
2045,b,-0.155488756275122,0.0697024499753079,0.0227212235182399
2046,b,-0.155574494616332,0.0694371449835035,0.0226994945035218
2047,b,-0.155556652971954,0.069069184308541,0.0226591084423441
2048,b,-0.155447482460115,0.068614053690292,0.0226026776932868
2049,b,-0.15525822688906,0.0680860931837516,0.022532566510954
2050,b,-0.154999177666262,0.0674984421300968,0.0224509058261149
2051,b,-0.154679729837027,0.0668630228633214,0.0223596088650728
2052,b,-0.154308438218694,0.0661905549848041,0.0222603870716145
2053,b,-0.153893072824629,0.0654905929413411,0.0221547659263395
2054,b,-0.153440672963428,0.064771580623308,0.0220441003658417
2055,b,-0.152957599557108,0.0640409176836374,0.021929589591081
2056,b,-0.152449585351947,0.0633050332138138,0.0218122911233676
2057,b,-0.151921782800868,0.0625694632681703,0.0216931340204237
2058,b,-0.151378809480679,0.0618389294852524,0.0215729312066367
2059,b,-0.150824790974325,0.0611174167088496,0.0214523909030424
2060,b,-0.150263401200548,0.0604082480628621,0.021332127165802
2061,b,-0.14969790021355,0.0597141563898936,0.0212126695585968
2062,b,-0.149131169525578,0.0590373513325066,0.0210944719958541
2063,b,-0.148565745027704,0.0583795816290031,0.0209779208011848
2064,b,-0.148003847599956,0.0577421924232285,0.0208633420298143
2065,b,-0.14744741151276,0.0571261775606479,0.020751008105847
2066,b,-0.146898110728352,0.0565322269703945,0.0206411438255625
2067,b,-0.146357383214381,0.0559607693237242,0.0205339317770445
2068,b,-0.145826453383053,0.0554120102207211,0.0204295172246902
2069,b,-0.145306352768368,0.0548859661955281,0.0203280125048168
2070,b,-0.144797939051917,0.0543824948511083,0.020229500975879
2071,b,-0.144301913544485,0.0539013214419126,0.0201340405639341
2072,b,-0.143818837226869,0.053442062220381,0.0200416669410402
2073,b,-0.143349145448969,0.0530042448537366,0.0199523963713407
2074,b,-0.142893161381527,0.0525873262032605,0.0198662282567276
2075,b,-0.14245110831014,0.0521907077409298,0.0197831474112806
2076,b,-0.142023120856329,0.0518137488592214,0.0197031260910804
2077,b,-0.141609255205677,0.0514557783100861,0.019626125803621
2078,b,-0.141209498418421,0.0511161039892787,0.0195520989188074
2079,b,-0.140823776893405,0.0507940212629371,0.0194809901014958
2080,b,-0.140451964052069,0.0504888200149294,0.0194127375836626
2081,b,-0.140093887305177,0.0501997905762607,0.0193472742926031
2082,b,-0.13974933436127,0.0499262286819171,0.0192845288500226
2083,b,-0.139418058932502,0.0496674395860802,0.019224426455537
2084,b,-0.139099785890456,0.0494227414536463,0.0191668896668672
2085,b,-0.138794215921947,0.0491914681345383,0.0191118390879541
2086,b,-0.1385010297326,0.0489729714173921,0.0190591939752996
2087,b,-0.138219891844266,0.0487666228508578,0.0190088727720426
2088,b,-0.137950454031173,0.0485718152139978,0.0189607935786424
2089,b,-0.137692358439114,0.0483879637121842,0.0189148745685299
2090,b,-0.137445240432118,0.0482145069714791,0.0188710343567237
2091,b,-0.137208731212012,0.0480509079029508,0.0188291923291964
2092,b,-0.136982460258163,0.0478966545087693,0.0187892689407369
2093,b,-0.13676605763779,0.047751260704545,0.018751185989182
2094,b,-0.13655915624157,0.0476142672374202,0.018714866874242
2095,b,-0.136361394005335,0.0474852427873004,0.0186802368497093
2096,b,-0.136172416186556,0.0473637853497122,0.0186472232786962
2097,b,-0.135991877774566,0.0472495240136833,0.0186157559026997
2098,b,-0.135819446126539,0.0471421212674168,0.0185857671368461
2099,b,-0.135654803937568,0.0470412759891729,0.0185571924056282
2100,b,-0.135497652673614,0.0469467273117324,0.0185299705359877
2101,b,-0.135347716621266,0.0468582595872165,0.0185040442277122
2102,b,-0.135204747739245,0.0467757087263639,0.0184793606250341
2103,b,-0.135068531534412,0.0466989702442784,0.0184558720181076
2104,b,-0.13493889423118,0.0466280094151647,0.0184335367089129
2105,b,-0.13481571155905,0.0465628740240245,0.0184123200833041
2106,b,-0.134698919550516,0.0465037103063695,0.0183921959395724
2107,b,-0.134588527822727,0.0464507827909484,0.0183731481344064
2108,b,-0.134484635913629,0.0464044989088434,0.0183551726197355
2109,b,-0.134387453359454,0.0463654394092165,0.0183382799590933
2110,b,-0.134297324338553,0.0463343958321162,0.0183224984302456
2111,b,-0.13421475786983,0.0463124165370526,0.018307877842391
2112,b,-0.134140464741601,0.0463008630744286,0.0182944942218205
2113,b,-0.134075402469147,0.046301478945055,0.0182824555494184
2114,b,-0.13402082775793,0.0453754114372173,0.0182719087528439
2115,b,-0.132848312786044,0.0454806213424024,0.0180759587488324
