year,KN_growth,lambda_growth,r_growth
2014,0.001554371,0.027574835,-0.0001998
2015,0.007830658,0.0315296,0.00039956
2016,0.017894438,0.037077497,0.002593259
2017,0.017574232,0.001319417,0.006057916
2018,-0.003769565,0.054750442,0.008184239
2019,-0.003829644,0.042684828,0.003235456
2020,0.004330291,0.213641247,-0.017676854
2021,0.007364515,0.020910178,-0.002893492
2022,0.0020536,-0.016582836,0.015959104
2023,-0.003213912,0.049680334,0.032317054
2024,-0.003574278,0.034698852,0.001046772
